user_id	username	u_password
1	xybarra	password123
2	lolmos	abcdef
3	anon	2*kMNytw^Ezp$6
4	Emblaze4985	PJH5vS$kn#6*V3
5	Rocklike7761	7RV&@nFxZ3D&5o
6	xybarra	password123
7	Emblaze4985	PJH5vS$kn#6*V3
8	Rocklike7761	7RV&@nFxZ3D&5o
9	lolmos	abcdef
10	Rocklike7761	7RV&@nFxZ3D&5o
11	Emblaze4985	PJH5vS$kn#6*V3
12	anon	2*kMNytw^Ezp$6
13	Emblaze4985	PJH5vS$kn#6*V3
14	anon	2*kMNytw^Ezp$6
15	Emblaze4985	PJH5vS$kn#6*V3
16	Rocklike7761	7RV&@nFxZ3D&5o
17	Emblaze4985	PJH5vS$kn#6*V3
18	xybarra	password123
19	Emblaze4985	PJH5vS$kn#6*V3
20	Rocklike7761	7RV&@nFxZ3D&5o
21	lolmos	abcdef
22	anon	2*kMNytw^Ezp$6
23	lolmos	abcdef
24	anon	2*kMNytw^Ezp$6
25	Emblaze4985	PJH5vS$kn#6*V3
26	Rocklike7761	7RV&@nFxZ3D&5o
27	lolmos	abcdef
28	xybarra	password123
29	lolmos	abcdef
30	Rocklike7761	7RV&@nFxZ3D&5o
31	lolmos	abcdef
32	anon	2*kMNytw^Ezp$6
33	lolmos	abcdef
34	anon	2*kMNytw^Ezp$6
35	lolmos	abcdef
36	anon	2*kMNytw^Ezp$6
37	Emblaze4985	PJH5vS$kn#6*V3
38	xybarra	password123
39	Emblaze4985	PJH5vS$kn#6*V3
40	xybarra	password123
41	Emblaze4985	PJH5vS$kn#6*V3
42	anon	2*kMNytw^Ezp$6
43	lolmos	abcdef
44	anon	2*kMNytw^Ezp$6
45	Emblaze4985	PJH5vS$kn#6*V3
46	anon	2*kMNytw^Ezp$6
47	Emblaze4985	PJH5vS$kn#6*V3
48	xybarra	password123
49	Emblaze4985	PJH5vS$kn#6*V3
50	Rocklike7761	7RV&@nFxZ3D&5o
51	Emblaze4985	PJH5vS$kn#6*V3
52	xybarra	password123
53	lolmos	abcdef
54	xybarra	password123
55	Emblaze4985	PJH5vS$kn#6*V3
56	Rocklike7761	7RV&@nFxZ3D&5o
57	Emblaze4985	PJH5vS$kn#6*V3
58	Rocklike7761	7RV&@nFxZ3D&5o
59	Emblaze4985	PJH5vS$kn#6*V3
60	anon	2*kMNytw^Ezp$6
61	Emblaze4985	PJH5vS$kn#6*V3
62	anon	2*kMNytw^Ezp$6
63	Emblaze4985	PJH5vS$kn#6*V3
64	anon	2*kMNytw^Ezp$6
65	Emblaze4985	PJH5vS$kn#6*V3
66	xybarra	password123
67	lolmos	abcdef
68	Rocklike7761	7RV&@nFxZ3D&5o
69	lolmos	abcdef
70	anon	2*kMNytw^Ezp$6
71	lolmos	abcdef
72	xybarra	password123
73	lolmos	abcdef
74	anon	2*kMNytw^Ezp$6
75	Emblaze4985	PJH5vS$kn#6*V3
76	anon	2*kMNytw^Ezp$6
77	lolmos	abcdef
78	xybarra	password123
79	lolmos	abcdef
80	xybarra	password123
81	lolmos	abcdef
82	anon	2*kMNytw^Ezp$6
83	Emblaze4985	PJH5vS$kn#6*V3
84	xybarra	password123
85	lolmos	abcdef
86	Rocklike7761	7RV&@nFxZ3D&5o
87	lolmos	abcdef
88	anon	2*kMNytw^Ezp$6
89	lolmos	abcdef
90	anon	2*kMNytw^Ezp$6
91	lolmos	abcdef
92	anon	2*kMNytw^Ezp$6
93	lolmos	abcdef
94	Rocklike7761	7RV&@nFxZ3D&5o
95	lolmos	abcdef
96	anon	2*kMNytw^Ezp$6
97	Emblaze4985	PJH5vS$kn#6*V3
98	anon	2*kMNytw^Ezp$6
99	lolmos	abcdef
100	Rocklike7761	7RV&@nFxZ3D&5o
101	lolmos	abcdef
102	anon	2*kMNytw^Ezp$6
103	lolmos	abcdef
104	Rocklike7761	7RV&@nFxZ3D&5o
105	Emblaze4985	PJH5vS$kn#6*V3
106	xybarra	password123
107	lolmos	abcdef
108	Rocklike7761	7RV&@nFxZ3D&5o
109	Emblaze4985	PJH5vS$kn#6*V3
110	xybarra	password123
111	lolmos	abcdef
112	anon	2*kMNytw^Ezp$6
113	Emblaze4985	PJH5vS$kn#6*V3
114	xybarra	password123
115	Emblaze4985	PJH5vS$kn#6*V3
116	xybarra	password123
117	Emblaze4985	PJH5vS$kn#6*V3
118	anon	2*kMNytw^Ezp$6
119	Emblaze4985	PJH5vS$kn#6*V3
120	Rocklike7761	7RV&@nFxZ3D&5o
121	lolmos	abcdef
122	Rocklike7761	7RV&@nFxZ3D&5o
123	Emblaze4985	PJH5vS$kn#6*V3
124	Rocklike7761	7RV&@nFxZ3D&5o
125	lolmos	abcdef
126	anon	2*kMNytw^Ezp$6
127	lolmos	abcdef
128	anon	2*kMNytw^Ezp$6
129	lolmos	abcdef
130	Rocklike7761	7RV&@nFxZ3D&5o
131	lolmos	abcdef
132	xybarra	password123
133	lolmos	abcdef
134	xybarra	password123
135	lolmos	abcdef
136	xybarra	password123
137	lolmos	abcdef
138	Rocklike7761	7RV&@nFxZ3D&5o
139	lolmos	abcdef
140	xybarra	password123
141	lolmos	abcdef
142	anon	2*kMNytw^Ezp$6
143	lolmos	abcdef
144	anon	2*kMNytw^Ezp$6
145	lolmos	abcdef
146	anon	2*kMNytw^Ezp$6
147	Emblaze4985	PJH5vS$kn#6*V3
148	anon	2*kMNytw^Ezp$6
149	Emblaze4985	PJH5vS$kn#6*V3
150	anon	2*kMNytw^Ezp$6
151	Emblaze4985	PJH5vS$kn#6*V3
152	anon	2*kMNytw^Ezp$6
153	Emblaze4985	PJH5vS$kn#6*V3
154	Rocklike7761	7RV&@nFxZ3D&5o
155	lolmos	abcdef
156	xybarra	password123
157	lolmos	abcdef
158	anon	2*kMNytw^Ezp$6
159	lolmos	abcdef
160	Rocklike7761	7RV&@nFxZ3D&5o
161	lolmos	abcdef
162	anon	2*kMNytw^Ezp$6
163	lolmos	abcdef
164	xybarra	password123
165	Emblaze4985	PJH5vS$kn#6*V3
166	xybarra	password123
167	Emblaze4985	PJH5vS$kn#6*V3
168	anon	2*kMNytw^Ezp$6
169	lolmos	abcdef
170	xybarra	password123
171	lolmos	abcdef
172	Rocklike7761	7RV&@nFxZ3D&5o
173	Emblaze4985	PJH5vS$kn#6*V3
174	anon	2*kMNytw^Ezp$6
175	Emblaze4985	PJH5vS$kn#6*V3
176	Rocklike7761	7RV&@nFxZ3D&5o
177	Emblaze4985	PJH5vS$kn#6*V3
178	anon	2*kMNytw^Ezp$6
179	Emblaze4985	PJH5vS$kn#6*V3
180	anon	2*kMNytw^Ezp$6
181	Emblaze4985	PJH5vS$kn#6*V3
182	xybarra	password123
183	Emblaze4985	PJH5vS$kn#6*V3
184	xybarra	password123
185	Emblaze4985	PJH5vS$kn#6*V3
186	xybarra	password123
187	lolmos	abcdef
188	xybarra	password123
189	lolmos	abcdef
190	anon	2*kMNytw^Ezp$6
191	Emblaze4985	PJH5vS$kn#6*V3
192	anon	2*kMNytw^Ezp$6
193	lolmos	abcdef
194	xybarra	password123
195	lolmos	abcdef
196	Rocklike7761	7RV&@nFxZ3D&5o
197	lolmos	abcdef
198	Rocklike7761	7RV&@nFxZ3D&5o
199	lolmos	abcdef
200	anon	2*kMNytw^Ezp$6
201	Emblaze4985	PJH5vS$kn#6*V3
202	xybarra	password123
203	lolmos	abcdef
204	anon	2*kMNytw^Ezp$6
205	Emblaze4985	PJH5vS$kn#6*V3
206	Rocklike7761	7RV&@nFxZ3D&5o
207	lolmos	abcdef
208	anon	2*kMNytw^Ezp$6
209	lolmos	abcdef
210	anon	2*kMNytw^Ezp$6
211	lolmos	abcdef
212	Rocklike7761	7RV&@nFxZ3D&5o
213	lolmos	abcdef
214	xybarra	password123
215	lolmos	abcdef
216	anon	2*kMNytw^Ezp$6
217	Emblaze4985	PJH5vS$kn#6*V3
218	Rocklike7761	7RV&@nFxZ3D&5o
219	lolmos	abcdef
220	xybarra	password123
221	lolmos	abcdef
222	xybarra	password123
223	lolmos	abcdef
224	anon	2*kMNytw^Ezp$6
225	lolmos	abcdef
226	anon	2*kMNytw^Ezp$6
227	lolmos	abcdef
228	anon	2*kMNytw^Ezp$6
229	Emblaze4985	PJH5vS$kn#6*V3
230	anon	2*kMNytw^Ezp$6
231	lolmos	abcdef
232	Rocklike7761	7RV&@nFxZ3D&5o
233	Emblaze4985	PJH5vS$kn#6*V3
234	anon	2*kMNytw^Ezp$6
235	lolmos	abcdef
236	anon	2*kMNytw^Ezp$6
237	lolmos	abcdef
238	xybarra	password123
239	lolmos	abcdef
240	anon	2*kMNytw^Ezp$6
241	Emblaze4985	PJH5vS$kn#6*V3
242	xybarra	password123
243	Emblaze4985	PJH5vS$kn#6*V3
244	Rocklike7761	7RV&@nFxZ3D&5o
245	lolmos	abcdef
246	anon	2*kMNytw^Ezp$6
247	lolmos	abcdef
248	anon	2*kMNytw^Ezp$6
249	Emblaze4985	PJH5vS$kn#6*V3
250	anon	2*kMNytw^Ezp$6
251	Emblaze4985	PJH5vS$kn#6*V3
252	xybarra	password123
253	Emblaze4985	PJH5vS$kn#6*V3
254	Rocklike7761	7RV&@nFxZ3D&5o
255	Emblaze4985	PJH5vS$kn#6*V3
256	anon	2*kMNytw^Ezp$6
257	lolmos	abcdef
258	anon	2*kMNytw^Ezp$6
259	Emblaze4985	PJH5vS$kn#6*V3
260	anon	2*kMNytw^Ezp$6
261	lolmos	abcdef
262	xybarra	password123
263	lolmos	abcdef
264	anon	2*kMNytw^Ezp$6
265	Emblaze4985	PJH5vS$kn#6*V3
266	xybarra	password123
267	lolmos	abcdef
268	anon	2*kMNytw^Ezp$6
269	lolmos	abcdef
270	xybarra	password123
271	Emblaze4985	PJH5vS$kn#6*V3
272	xybarra	password123
273	Emblaze4985	PJH5vS$kn#6*V3
274	anon	2*kMNytw^Ezp$6
275	lolmos	abcdef
276	Rocklike7761	7RV&@nFxZ3D&5o
277	Emblaze4985	PJH5vS$kn#6*V3
278	xybarra	password123
279	Emblaze4985	PJH5vS$kn#6*V3
280	xybarra	password123
281	lolmos	abcdef
282	anon	2*kMNytw^Ezp$6
283	Emblaze4985	PJH5vS$kn#6*V3
284	xybarra	password123
285	lolmos	abcdef
286	anon	2*kMNytw^Ezp$6
287	lolmos	abcdef
288	Rocklike7761	7RV&@nFxZ3D&5o
289	lolmos	abcdef
290	xybarra	password123
291	lolmos	abcdef
292	Rocklike7761	7RV&@nFxZ3D&5o
293	lolmos	abcdef
294	anon	2*kMNytw^Ezp$6
295	Emblaze4985	PJH5vS$kn#6*V3
296	xybarra	password123
297	Emblaze4985	PJH5vS$kn#6*V3
298	Rocklike7761	7RV&@nFxZ3D&5o
299	Emblaze4985	PJH5vS$kn#6*V3
300	Rocklike7761	7RV&@nFxZ3D&5o
301	lolmos	abcdef
302	Rocklike7761	7RV&@nFxZ3D&5o
303	lolmos	abcdef
304	xybarra	password123
305	lolmos	abcdef
306	Rocklike7761	7RV&@nFxZ3D&5o
307	Emblaze4985	PJH5vS$kn#6*V3
308	anon	2*kMNytw^Ezp$6
309	lolmos	abcdef
310	Rocklike7761	7RV&@nFxZ3D&5o
311	Emblaze4985	PJH5vS$kn#6*V3
312	xybarra	password123
313	Emblaze4985	PJH5vS$kn#6*V3
314	anon	2*kMNytw^Ezp$6
315	Emblaze4985	PJH5vS$kn#6*V3
316	Rocklike7761	7RV&@nFxZ3D&5o
317	lolmos	abcdef
318	Rocklike7761	7RV&@nFxZ3D&5o
319	lolmos	abcdef
320	xybarra	password123
321	lolmos	abcdef
322	xybarra	password123
323	lolmos	abcdef
324	xybarra	password123
325	lolmos	abcdef
326	anon	2*kMNytw^Ezp$6
327	lolmos	abcdef
328	xybarra	password123
329	lolmos	abcdef
330	xybarra	password123
331	lolmos	abcdef
332	xybarra	password123
333	Emblaze4985	PJH5vS$kn#6*V3
334	anon	2*kMNytw^Ezp$6
335	lolmos	abcdef
336	Rocklike7761	7RV&@nFxZ3D&5o
337	Emblaze4985	PJH5vS$kn#6*V3
338	anon	2*kMNytw^Ezp$6
339	Emblaze4985	PJH5vS$kn#6*V3
340	Rocklike7761	7RV&@nFxZ3D&5o
341	lolmos	abcdef
342	Rocklike7761	7RV&@nFxZ3D&5o
343	Emblaze4985	PJH5vS$kn#6*V3
344	xybarra	password123
345	lolmos	abcdef
346	xybarra	password123
347	Emblaze4985	PJH5vS$kn#6*V3
348	Rocklike7761	7RV&@nFxZ3D&5o
349	lolmos	abcdef
350	xybarra	password123
351	lolmos	abcdef
352	anon	2*kMNytw^Ezp$6
353	Emblaze4985	PJH5vS$kn#6*V3
354	xybarra	password123
355	lolmos	abcdef
356	anon	2*kMNytw^Ezp$6
357	Emblaze4985	PJH5vS$kn#6*V3
358	Rocklike7761	7RV&@nFxZ3D&5o
359	lolmos	abcdef
360	anon	2*kMNytw^Ezp$6
361	lolmos	abcdef
362	xybarra	password123
363	lolmos	abcdef
364	xybarra	password123
365	lolmos	abcdef
366	anon	2*kMNytw^Ezp$6
367	lolmos	abcdef
368	xybarra	password123
369	lolmos	abcdef
370	anon	2*kMNytw^Ezp$6
371	Emblaze4985	PJH5vS$kn#6*V3
372	xybarra	password123
373	lolmos	abcdef
374	anon	2*kMNytw^Ezp$6
375	Emblaze4985	PJH5vS$kn#6*V3
376	xybarra	password123
377	lolmos	abcdef
378	xybarra	password123
379	Emblaze4985	PJH5vS$kn#6*V3
380	Rocklike7761	7RV&@nFxZ3D&5o
381	lolmos	abcdef
382	xybarra	password123
383	Emblaze4985	PJH5vS$kn#6*V3
384	Rocklike7761	7RV&@nFxZ3D&5o
385	lolmos	abcdef
386	anon	2*kMNytw^Ezp$6
387	Emblaze4985	PJH5vS$kn#6*V3
388	Rocklike7761	7RV&@nFxZ3D&5o
389	Emblaze4985	PJH5vS$kn#6*V3
390	anon	2*kMNytw^Ezp$6
391	lolmos	abcdef
392	Rocklike7761	7RV&@nFxZ3D&5o
393	lolmos	abcdef
394	anon	2*kMNytw^Ezp$6
395	lolmos	abcdef
396	anon	2*kMNytw^Ezp$6
397	Emblaze4985	PJH5vS$kn#6*V3
398	xybarra	password123
399	lolmos	abcdef
400	Rocklike7761	7RV&@nFxZ3D&5o
401	lolmos	abcdef
402	xybarra	password123
403	Emblaze4985	PJH5vS$kn#6*V3
404	xybarra	password123
405	lolmos	abcdef
406	Rocklike7761	7RV&@nFxZ3D&5o
407	Emblaze4985	PJH5vS$kn#6*V3
408	Rocklike7761	7RV&@nFxZ3D&5o
409	lolmos	abcdef
410	anon	2*kMNytw^Ezp$6
411	lolmos	abcdef
412	Rocklike7761	7RV&@nFxZ3D&5o
413	lolmos	abcdef
414	anon	2*kMNytw^Ezp$6
415	Emblaze4985	PJH5vS$kn#6*V3
416	anon	2*kMNytw^Ezp$6
417	lolmos	abcdef
418	xybarra	password123
419	Emblaze4985	PJH5vS$kn#6*V3
420	xybarra	password123
421	Emblaze4985	PJH5vS$kn#6*V3
422	xybarra	password123
423	Emblaze4985	PJH5vS$kn#6*V3
424	Rocklike7761	7RV&@nFxZ3D&5o
425	Emblaze4985	PJH5vS$kn#6*V3
426	anon	2*kMNytw^Ezp$6
427	Emblaze4985	PJH5vS$kn#6*V3
428	xybarra	password123
429	Emblaze4985	PJH5vS$kn#6*V3
430	anon	2*kMNytw^Ezp$6
431	Emblaze4985	PJH5vS$kn#6*V3
432	Rocklike7761	7RV&@nFxZ3D&5o
433	lolmos	abcdef
434	anon	2*kMNytw^Ezp$6
435	lolmos	abcdef
436	anon	2*kMNytw^Ezp$6
437	Emblaze4985	PJH5vS$kn#6*V3
438	anon	2*kMNytw^Ezp$6
439	lolmos	abcdef
440	anon	2*kMNytw^Ezp$6
441	lolmos	abcdef
442	anon	2*kMNytw^Ezp$6
443	lolmos	abcdef
444	xybarra	password123
445	lolmos	abcdef
446	anon	2*kMNytw^Ezp$6
447	Emblaze4985	PJH5vS$kn#6*V3
448	xybarra	password123
449	lolmos	abcdef
450	anon	2*kMNytw^Ezp$6
451	lolmos	abcdef
452	xybarra	password123
453	Emblaze4985	PJH5vS$kn#6*V3
454	anon	2*kMNytw^Ezp$6
455	lolmos	abcdef
456	anon	2*kMNytw^Ezp$6
457	Emblaze4985	PJH5vS$kn#6*V3
458	anon	2*kMNytw^Ezp$6
459	lolmos	abcdef
460	xybarra	password123
461	Emblaze4985	PJH5vS$kn#6*V3
462	xybarra	password123
463	lolmos	abcdef
464	anon	2*kMNytw^Ezp$6
465	lolmos	abcdef
466	xybarra	password123
467	Emblaze4985	PJH5vS$kn#6*V3
468	anon	2*kMNytw^Ezp$6
469	Emblaze4985	PJH5vS$kn#6*V3
470	anon	2*kMNytw^Ezp$6
471	lolmos	abcdef
472	anon	2*kMNytw^Ezp$6
473	Emblaze4985	PJH5vS$kn#6*V3
474	Rocklike7761	7RV&@nFxZ3D&5o
475	Emblaze4985	PJH5vS$kn#6*V3
476	anon	2*kMNytw^Ezp$6
477	lolmos	abcdef
478	xybarra	password123
479	Emblaze4985	PJH5vS$kn#6*V3
480	xybarra	password123
481	lolmos	abcdef
482	xybarra	password123
483	Emblaze4985	PJH5vS$kn#6*V3
484	xybarra	password123
485	lolmos	abcdef
486	xybarra	password123
487	Emblaze4985	PJH5vS$kn#6*V3
488	xybarra	password123
489	Emblaze4985	PJH5vS$kn#6*V3
490	xybarra	password123
491	lolmos	abcdef
492	xybarra	password123
493	Emblaze4985	PJH5vS$kn#6*V3
494	anon	2*kMNytw^Ezp$6
495	Emblaze4985	PJH5vS$kn#6*V3
496	anon	2*kMNytw^Ezp$6
497	lolmos	abcdef
498	anon	2*kMNytw^Ezp$6
499	Emblaze4985	PJH5vS$kn#6*V3
500	xybarra	password123
501	Emblaze4985	PJH5vS$kn#6*V3
502	anon	2*kMNytw^Ezp$6
503	Emblaze4985	PJH5vS$kn#6*V3
504	anon	2*kMNytw^Ezp$6
505	lolmos	abcdef
506	xybarra	password123
507	Emblaze4985	PJH5vS$kn#6*V3
508	xybarra	password123
509	Emblaze4985	PJH5vS$kn#6*V3
510	anon	2*kMNytw^Ezp$6
511	Emblaze4985	PJH5vS$kn#6*V3
512	xybarra	password123
513	lolmos	abcdef
514	xybarra	password123
515	lolmos	abcdef
516	anon	2*kMNytw^Ezp$6
517	lolmos	abcdef
518	xybarra	password123
519	lolmos	abcdef
520	anon	2*kMNytw^Ezp$6
521	lolmos	abcdef
522	xybarra	password123
523	lolmos	abcdef
524	xybarra	password123
525	Emblaze4985	PJH5vS$kn#6*V3
526	anon	2*kMNytw^Ezp$6
527	lolmos	abcdef
528	anon	2*kMNytw^Ezp$6
529	Emblaze4985	PJH5vS$kn#6*V3
530	anon	2*kMNytw^Ezp$6
531	lolmos	abcdef
532	xybarra	password123
533	lolmos	abcdef
534	xybarra	password123
535	lolmos	abcdef
536	anon	2*kMNytw^Ezp$6
537	Emblaze4985	PJH5vS$kn#6*V3
538	Rocklike7761	7RV&@nFxZ3D&5o
539	lolmos	abcdef
540	anon	2*kMNytw^Ezp$6
541	lolmos	abcdef
542	anon	2*kMNytw^Ezp$6
543	Emblaze4985	PJH5vS$kn#6*V3
544	anon	2*kMNytw^Ezp$6
545	Emblaze4985	PJH5vS$kn#6*V3
546	xybarra	password123
547	lolmos	abcdef
548	anon	2*kMNytw^Ezp$6
549	Emblaze4985	PJH5vS$kn#6*V3
550	xybarra	password123
551	lolmos	abcdef
552	xybarra	password123
553	lolmos	abcdef
554	xybarra	password123
555	lolmos	abcdef
556	Rocklike7761	7RV&@nFxZ3D&5o
557	Emblaze4985	PJH5vS$kn#6*V3
558	xybarra	password123
559	Emblaze4985	PJH5vS$kn#6*V3
560	xybarra	password123
561	lolmos	abcdef
562	anon	2*kMNytw^Ezp$6
563	lolmos	abcdef
564	anon	2*kMNytw^Ezp$6
565	lolmos	abcdef
566	xybarra	password123
567	Emblaze4985	PJH5vS$kn#6*V3
568	xybarra	password123
569	Emblaze4985	PJH5vS$kn#6*V3
570	Rocklike7761	7RV&@nFxZ3D&5o
571	Emblaze4985	PJH5vS$kn#6*V3
572	anon	2*kMNytw^Ezp$6
573	Emblaze4985	PJH5vS$kn#6*V3
574	anon	2*kMNytw^Ezp$6
575	Emblaze4985	PJH5vS$kn#6*V3
576	anon	2*kMNytw^Ezp$6
577	Emblaze4985	PJH5vS$kn#6*V3
578	xybarra	password123
579	Emblaze4985	PJH5vS$kn#6*V3
580	anon	2*kMNytw^Ezp$6
581	lolmos	abcdef
582	xybarra	password123
583	lolmos	abcdef
584	xybarra	password123
585	lolmos	abcdef
586	anon	2*kMNytw^Ezp$6
587	lolmos	abcdef
588	xybarra	password123
589	lolmos	abcdef
590	xybarra	password123
591	Emblaze4985	PJH5vS$kn#6*V3
592	anon	2*kMNytw^Ezp$6
593	Emblaze4985	PJH5vS$kn#6*V3
594	xybarra	password123
595	Emblaze4985	PJH5vS$kn#6*V3
596	Rocklike7761	7RV&@nFxZ3D&5o
597	Emblaze4985	PJH5vS$kn#6*V3
598	Rocklike7761	7RV&@nFxZ3D&5o
599	Emblaze4985	PJH5vS$kn#6*V3
600	xybarra	password123
601	Emblaze4985	PJH5vS$kn#6*V3
602	anon	2*kMNytw^Ezp$6
603	Emblaze4985	PJH5vS$kn#6*V3
604	anon	2*kMNytw^Ezp$6
605	lolmos	abcdef
606	xybarra	password123
607	lolmos	abcdef
608	xybarra	password123
609	Emblaze4985	PJH5vS$kn#6*V3
610	xybarra	password123
611	lolmos	abcdef
612	anon	2*kMNytw^Ezp$6
613	Emblaze4985	PJH5vS$kn#6*V3
614	xybarra	password123
615	Emblaze4985	PJH5vS$kn#6*V3
616	anon	2*kMNytw^Ezp$6
617	Emblaze4985	PJH5vS$kn#6*V3
618	Rocklike7761	7RV&@nFxZ3D&5o
619	Emblaze4985	PJH5vS$kn#6*V3
620	anon	2*kMNytw^Ezp$6
621	Emblaze4985	PJH5vS$kn#6*V3
622	xybarra	password123
623	Emblaze4985	PJH5vS$kn#6*V3
624	Rocklike7761	7RV&@nFxZ3D&5o
625	lolmos	abcdef
626	Rocklike7761	7RV&@nFxZ3D&5o
627	Emblaze4985	PJH5vS$kn#6*V3
628	Rocklike7761	7RV&@nFxZ3D&5o
629	Emblaze4985	PJH5vS$kn#6*V3
630	xybarra	password123
631	lolmos	abcdef
632	xybarra	password123
633	lolmos	abcdef
634	xybarra	password123
635	lolmos	abcdef
636	anon	2*kMNytw^Ezp$6
637	lolmos	abcdef
638	anon	2*kMNytw^Ezp$6
639	Emblaze4985	PJH5vS$kn#6*V3
640	xybarra	password123
641	Emblaze4985	PJH5vS$kn#6*V3
642	xybarra	password123
643	Emblaze4985	PJH5vS$kn#6*V3
644	Rocklike7761	7RV&@nFxZ3D&5o
645	lolmos	abcdef
646	anon	2*kMNytw^Ezp$6
647	lolmos	abcdef
648	anon	2*kMNytw^Ezp$6
649	lolmos	abcdef
650	xybarra	password123
651	lolmos	abcdef
652	anon	2*kMNytw^Ezp$6
653	lolmos	abcdef
654	anon	2*kMNytw^Ezp$6
655	lolmos	abcdef
656	anon	2*kMNytw^Ezp$6
657	Emblaze4985	PJH5vS$kn#6*V3
658	anon	2*kMNytw^Ezp$6
659	lolmos	abcdef
660	xybarra	password123
661	lolmos	abcdef
662	Rocklike7761	7RV&@nFxZ3D&5o
663	lolmos	abcdef
664	xybarra	password123
665	Emblaze4985	PJH5vS$kn#6*V3
666	anon	2*kMNytw^Ezp$6
667	Emblaze4985	PJH5vS$kn#6*V3
668	anon	2*kMNytw^Ezp$6
669	lolmos	abcdef
670	anon	2*kMNytw^Ezp$6
671	lolmos	abcdef
672	anon	2*kMNytw^Ezp$6
673	Emblaze4985	PJH5vS$kn#6*V3
674	anon	2*kMNytw^Ezp$6
675	lolmos	abcdef
676	Rocklike7761	7RV&@nFxZ3D&5o
677	lolmos	abcdef
678	xybarra	password123
679	lolmos	abcdef
680	xybarra	password123
681	Emblaze4985	PJH5vS$kn#6*V3
682	anon	2*kMNytw^Ezp$6
683	lolmos	abcdef
684	xybarra	password123
685	lolmos	abcdef
686	Rocklike7761	7RV&@nFxZ3D&5o
687	lolmos	abcdef
688	xybarra	password123
689	lolmos	abcdef
690	Rocklike7761	7RV&@nFxZ3D&5o
691	Emblaze4985	PJH5vS$kn#6*V3
692	Rocklike7761	7RV&@nFxZ3D&5o
693	lolmos	abcdef
694	xybarra	password123
695	lolmos	abcdef
696	anon	2*kMNytw^Ezp$6
697	lolmos	abcdef
698	anon	2*kMNytw^Ezp$6
699	Emblaze4985	PJH5vS$kn#6*V3
700	anon	2*kMNytw^Ezp$6
701	Emblaze4985	PJH5vS$kn#6*V3
702	Rocklike7761	7RV&@nFxZ3D&5o
703	lolmos	abcdef
704	Rocklike7761	7RV&@nFxZ3D&5o
705	Emblaze4985	PJH5vS$kn#6*V3
706	xybarra	password123
707	lolmos	abcdef
708	xybarra	password123
709	Emblaze4985	PJH5vS$kn#6*V3
710	xybarra	password123
711	lolmos	abcdef
712	xybarra	password123
713	lolmos	abcdef
714	xybarra	password123
715	lolmos	abcdef
716	anon	2*kMNytw^Ezp$6
717	lolmos	abcdef
718	xybarra	password123
719	lolmos	abcdef
720	xybarra	password123
721	lolmos	abcdef
722	Rocklike7761	7RV&@nFxZ3D&5o
723	Emblaze4985	PJH5vS$kn#6*V3
724	anon	2*kMNytw^Ezp$6
725	lolmos	abcdef
726	xybarra	password123
727	Emblaze4985	PJH5vS$kn#6*V3
728	anon	2*kMNytw^Ezp$6
729	lolmos	abcdef
730	anon	2*kMNytw^Ezp$6
731	Emblaze4985	PJH5vS$kn#6*V3
732	xybarra	password123
733	lolmos	abcdef
734	xybarra	password123
735	Emblaze4985	PJH5vS$kn#6*V3
736	anon	2*kMNytw^Ezp$6
737	lolmos	abcdef
738	Rocklike7761	7RV&@nFxZ3D&5o
739	Emblaze4985	PJH5vS$kn#6*V3
740	anon	2*kMNytw^Ezp$6
741	Emblaze4985	PJH5vS$kn#6*V3
742	Rocklike7761	7RV&@nFxZ3D&5o
743	lolmos	abcdef
744	xybarra	password123
745	Emblaze4985	PJH5vS$kn#6*V3
746	xybarra	password123
747	Emblaze4985	PJH5vS$kn#6*V3
748	xybarra	password123
749	lolmos	abcdef
750	anon	2*kMNytw^Ezp$6
751	Emblaze4985	PJH5vS$kn#6*V3
752	anon	2*kMNytw^Ezp$6
753	lolmos	abcdef
754	Rocklike7761	7RV&@nFxZ3D&5o
755	Emblaze4985	PJH5vS$kn#6*V3
756	anon	2*kMNytw^Ezp$6
757	lolmos	abcdef
758	Rocklike7761	7RV&@nFxZ3D&5o
759	Emblaze4985	PJH5vS$kn#6*V3
760	xybarra	password123
761	lolmos	abcdef
762	xybarra	password123
763	lolmos	abcdef
764	anon	2*kMNytw^Ezp$6
765	lolmos	abcdef
766	anon	2*kMNytw^Ezp$6
767	lolmos	abcdef
768	xybarra	password123
769	lolmos	abcdef
770	anon	2*kMNytw^Ezp$6
771	lolmos	abcdef
772	xybarra	password123
773	lolmos	abcdef
774	anon	2*kMNytw^Ezp$6
775	Emblaze4985	PJH5vS$kn#6*V3
776	xybarra	password123
777	lolmos	abcdef
778	xybarra	password123
779	lolmos	abcdef
780	xybarra	password123
781	lolmos	abcdef
782	Rocklike7761	7RV&@nFxZ3D&5o
783	Emblaze4985	PJH5vS$kn#6*V3
784	anon	2*kMNytw^Ezp$6
785	lolmos	abcdef
786	xybarra	password123
787	lolmos	abcdef
788	anon	2*kMNytw^Ezp$6
789	Emblaze4985	PJH5vS$kn#6*V3
790	anon	2*kMNytw^Ezp$6
791	Emblaze4985	PJH5vS$kn#6*V3
792	xybarra	password123
793	lolmos	abcdef
794	anon	2*kMNytw^Ezp$6
795	lolmos	abcdef
796	anon	2*kMNytw^Ezp$6
797	lolmos	abcdef
798	anon	2*kMNytw^Ezp$6
799	lolmos	abcdef
800	anon	2*kMNytw^Ezp$6
801	lolmos	abcdef
802	anon	2*kMNytw^Ezp$6
803	lolmos	abcdef
804	anon	2*kMNytw^Ezp$6
805	lolmos	abcdef
806	xybarra	password123
807	lolmos	abcdef
808	anon	2*kMNytw^Ezp$6
809	lolmos	abcdef
810	xybarra	password123
811	lolmos	abcdef
812	anon	2*kMNytw^Ezp$6
813	lolmos	abcdef
814	Rocklike7761	7RV&@nFxZ3D&5o
815	lolmos	abcdef
816	anon	2*kMNytw^Ezp$6
817	Emblaze4985	PJH5vS$kn#6*V3
818	Rocklike7761	7RV&@nFxZ3D&5o
819	lolmos	abcdef
820	xybarra	password123
821	lolmos	abcdef
822	xybarra	password123
823	lolmos	abcdef
824	Rocklike7761	7RV&@nFxZ3D&5o
825	Emblaze4985	PJH5vS$kn#6*V3
826	xybarra	password123
827	lolmos	abcdef
828	xybarra	password123
829	lolmos	abcdef
830	xybarra	password123
831	Emblaze4985	PJH5vS$kn#6*V3
832	anon	2*kMNytw^Ezp$6
833	lolmos	abcdef
834	anon	2*kMNytw^Ezp$6
835	lolmos	abcdef
836	Rocklike7761	7RV&@nFxZ3D&5o
837	lolmos	abcdef
838	Rocklike7761	7RV&@nFxZ3D&5o
839	lolmos	abcdef
840	xybarra	password123
841	lolmos	abcdef
842	Rocklike7761	7RV&@nFxZ3D&5o
843	Emblaze4985	PJH5vS$kn#6*V3
844	anon	2*kMNytw^Ezp$6
845	lolmos	abcdef
846	xybarra	password123
847	lolmos	abcdef
848	anon	2*kMNytw^Ezp$6
849	lolmos	abcdef
850	anon	2*kMNytw^Ezp$6
851	Emblaze4985	PJH5vS$kn#6*V3
852	anon	2*kMNytw^Ezp$6
853	Emblaze4985	PJH5vS$kn#6*V3
854	anon	2*kMNytw^Ezp$6
855	lolmos	abcdef
856	anon	2*kMNytw^Ezp$6
857	lolmos	abcdef
858	anon	2*kMNytw^Ezp$6
859	lolmos	abcdef
860	xybarra	password123
861	lolmos	abcdef
862	anon	2*kMNytw^Ezp$6
863	lolmos	abcdef
864	xybarra	password123
865	lolmos	abcdef
866	Rocklike7761	7RV&@nFxZ3D&5o
867	lolmos	abcdef
868	anon	2*kMNytw^Ezp$6
869	lolmos	abcdef
870	xybarra	password123
871	lolmos	abcdef
872	anon	2*kMNytw^Ezp$6
873	Emblaze4985	PJH5vS$kn#6*V3
874	Rocklike7761	7RV&@nFxZ3D&5o
875	lolmos	abcdef
876	Rocklike7761	7RV&@nFxZ3D&5o
877	Emblaze4985	PJH5vS$kn#6*V3
878	xybarra	password123
879	lolmos	abcdef
880	xybarra	password123
881	lolmos	abcdef
882	xybarra	password123
883	lolmos	abcdef
884	anon	2*kMNytw^Ezp$6
885	lolmos	abcdef
886	anon	2*kMNytw^Ezp$6
887	lolmos	abcdef
888	Rocklike7761	7RV&@nFxZ3D&5o
889	Emblaze4985	PJH5vS$kn#6*V3
890	xybarra	password123
891	Emblaze4985	PJH5vS$kn#6*V3
892	xybarra	password123
893	Emblaze4985	PJH5vS$kn#6*V3
894	anon	2*kMNytw^Ezp$6
895	lolmos	abcdef
896	xybarra	password123
897	Emblaze4985	PJH5vS$kn#6*V3
898	Rocklike7761	7RV&@nFxZ3D&5o
899	lolmos	abcdef
900	xybarra	password123
901	Emblaze4985	PJH5vS$kn#6*V3
902	anon	2*kMNytw^Ezp$6
903	Emblaze4985	PJH5vS$kn#6*V3
904	xybarra	password123
905	lolmos	abcdef
906	Rocklike7761	7RV&@nFxZ3D&5o
907	lolmos	abcdef
908	anon	2*kMNytw^Ezp$6
909	lolmos	abcdef
910	anon	2*kMNytw^Ezp$6
911	Emblaze4985	PJH5vS$kn#6*V3
912	anon	2*kMNytw^Ezp$6
913	lolmos	abcdef
914	xybarra	password123
915	lolmos	abcdef
916	Rocklike7761	7RV&@nFxZ3D&5o
917	lolmos	abcdef
918	anon	2*kMNytw^Ezp$6
919	Emblaze4985	PJH5vS$kn#6*V3
920	xybarra	password123
921	lolmos	abcdef
922	xybarra	password123
923	Emblaze4985	PJH5vS$kn#6*V3
924	Rocklike7761	7RV&@nFxZ3D&5o
925	lolmos	abcdef
926	anon	2*kMNytw^Ezp$6
927	lolmos	abcdef
928	xybarra	password123
929	lolmos	abcdef
930	Rocklike7761	7RV&@nFxZ3D&5o
931	lolmos	abcdef
932	anon	2*kMNytw^Ezp$6
933	lolmos	abcdef
934	xybarra	password123
935	lolmos	abcdef
936	Rocklike7761	7RV&@nFxZ3D&5o
937	lolmos	abcdef
938	xybarra	password123
939	lolmos	abcdef
940	anon	2*kMNytw^Ezp$6
941	lolmos	abcdef
942	anon	2*kMNytw^Ezp$6
943	Emblaze4985	PJH5vS$kn#6*V3
944	xybarra	password123
945	lolmos	abcdef
946	xybarra	password123
947	lolmos	abcdef
948	anon	2*kMNytw^Ezp$6
949	lolmos	abcdef
950	anon	2*kMNytw^Ezp$6
951	lolmos	abcdef
952	Rocklike7761	7RV&@nFxZ3D&5o
953	Emblaze4985	PJH5vS$kn#6*V3
954	anon	2*kMNytw^Ezp$6
955	lolmos	abcdef
956	anon	2*kMNytw^Ezp$6
957	Emblaze4985	PJH5vS$kn#6*V3
958	Rocklike7761	7RV&@nFxZ3D&5o
959	Emblaze4985	PJH5vS$kn#6*V3
960	xybarra	password123
961	lolmos	abcdef
962	Rocklike7761	7RV&@nFxZ3D&5o
963	lolmos	abcdef
964	xybarra	password123
965	lolmos	abcdef
966	xybarra	password123
967	lolmos	abcdef
968	anon	2*kMNytw^Ezp$6
969	lolmos	abcdef
970	xybarra	password123
971	Emblaze4985	PJH5vS$kn#6*V3
972	Rocklike7761	7RV&@nFxZ3D&5o
973	lolmos	abcdef
974	xybarra	password123
975	lolmos	abcdef
976	xybarra	password123
977	lolmos	abcdef
978	Rocklike7761	7RV&@nFxZ3D&5o
979	lolmos	abcdef
980	xybarra	password123
981	lolmos	abcdef
982	anon	2*kMNytw^Ezp$6
983	lolmos	abcdef
984	Rocklike7761	7RV&@nFxZ3D&5o
985	Emblaze4985	PJH5vS$kn#6*V3
986	anon	2*kMNytw^Ezp$6
987	Emblaze4985	PJH5vS$kn#6*V3
988	anon	2*kMNytw^Ezp$6
989	Emblaze4985	PJH5vS$kn#6*V3
990	anon	2*kMNytw^Ezp$6
991	lolmos	abcdef
992	anon	2*kMNytw^Ezp$6
993	lolmos	abcdef
994	xybarra	password123
995	Emblaze4985	PJH5vS$kn#6*V3
996	anon	2*kMNytw^Ezp$6
997	Emblaze4985	PJH5vS$kn#6*V3
998	anon	2*kMNytw^Ezp$6
999	Emblaze4985	PJH5vS$kn#6*V3
1000	anon	2*kMNytw^Ezp$6
1001	lolmos	abcdef
1002	anon	2*kMNytw^Ezp$6
1003	Emblaze4985	PJH5vS$kn#6*V3
1004	anon	2*kMNytw^Ezp$6
1005	lolmos	abcdef
